{"RuleTriggered": 0, "Violations": 387, "Details": {"low_gpu_utilization": 756, "bottlenecks": {"1654076656.501089": {"GPUs": 1, "CPUs": 2}, "1654076657.000823": {"GPUs": 1, "CPUs": 2}, "1654076657.500461": {"GPUs": 1, "CPUs": 2}, "1654076659.501673": {"GPUs": 1, "CPUs": 1}, "1654076661.500435": {"GPUs": 1, "CPUs": 2}, "1654076662.005302": {"GPUs": 1, "CPUs": 1}, "1654076663.000351": {"GPUs": 1, "CPUs": 1}, "1654076663.500378": {"GPUs": 1, "CPUs": 3}, "1654076664.000329": {"GPUs": 1, "CPUs": 2}, "1654076664.500326": {"GPUs": 1, "CPUs": 3}, "1654076665.000374": {"GPUs": 1, "CPUs": 3}, "1654076665.500407": {"GPUs": 1, "CPUs": 4}, "1654076666.000322": {"GPUs": 1, "CPUs": 3}, "1654076667.000351": {"GPUs": 1, "CPUs": 1}, "1654076671.000455": {"GPUs": 1, "CPUs": 1}, "1654076671.500345": {"GPUs": 1, "CPUs": 1}, "1654076672.500463": {"GPUs": 1, "CPUs": 1}, "1654076674.001667": {"GPUs": 1, "CPUs": 1}, "1654076675.000465": {"GPUs": 1, "CPUs": 1}, "1654076675.50064": {"GPUs": 1, "CPUs": 1}, "1654076678.500429": {"GPUs": 1, "CPUs": 1}, "1654076679.000906": {"GPUs": 1, "CPUs": 1}, "1654076679.500541": {"GPUs": 1, "CPUs": 1}, "1654076683.000362": {"GPUs": 1, "CPUs": 1}, "1654076685.000372": {"GPUs": 1, "CPUs": 1}, "1654076685.500537": {"GPUs": 1, "CPUs": 1}, "1654076686.000694": {"GPUs": 1, "CPUs": 3}, "1654076686.500324": {"GPUs": 1, "CPUs": 1}, "1654076689.500374": {"GPUs": 1, "CPUs": 1}, "1654076690.500405": {"GPUs": 1, "CPUs": 1}, "1654076691.000448": {"GPUs": 1, "CPUs": 1}, "1654076691.500365": {"GPUs": 1, "CPUs": 2}, "1654076692.000369": {"GPUs": 1, "CPUs": 1}, "1654076692.500402": {"GPUs": 1, "CPUs": 1}, "1654076693.50039": {"GPUs": 1, "CPUs": 1}, "1654076694.000379": {"GPUs": 1, "CPUs": 1}, "1654076694.500364": {"GPUs": 1, "CPUs": 2}, "1654076695.000358": {"GPUs": 1, "CPUs": 2}, "1654076695.500373": {"GPUs": 1, "CPUs": 2}, "1654076696.000366": {"GPUs": 1, "CPUs": 2}, "1654076696.500357": {"GPUs": 1, "CPUs": 3}, "1654076697.000428": {"GPUs": 1, "CPUs": 1}, "1654076703.501172": {"GPUs": 1, "CPUs": 1}, "1654076706.000386": {"GPUs": 1, "CPUs": 1}, "1654076706.500348": {"GPUs": 1, "CPUs": 1}, "1654076707.000341": {"GPUs": 1, "CPUs": 1}, "1654076707.500393": {"GPUs": 1, "CPUs": 1}, "1654076708.000363": {"GPUs": 1, "CPUs": 1}, "1654076708.500406": {"GPUs": 1, "CPUs": 1}, "1654076716.500357": {"GPUs": 1, "CPUs": 3}, "1654076717.000403": {"GPUs": 1, "CPUs": 2}, "1654076717.500345": {"GPUs": 1, "CPUs": 1}, "1654076718.000423": {"GPUs": 1, "CPUs": 2}, "1654076718.500374": {"GPUs": 1, "CPUs": 2}, "1654076732.500355": {"GPUs": 1, "CPUs": 1}, "1654076733.000325": {"GPUs": 1, "CPUs": 1}, "1654076733.500397": {"GPUs": 1, "CPUs": 1}, "1654076737.500373": {"GPUs": 1, "CPUs": 1}, "1654076739.500328": {"GPUs": 1, "CPUs": 2}, "1654076740.000355": {"GPUs": 1, "CPUs": 2}, "1654076740.500385": {"GPUs": 1, "CPUs": 2}, "1654076741.000367": {"GPUs": 1, "CPUs": 2}, "1654076741.500376": {"GPUs": 1, "CPUs": 2}, "1654076753.500328": {"GPUs": 1, "CPUs": 2}, "1654076754.00035": {"GPUs": 1, "CPUs": 1}, "1654076754.500352": {"GPUs": 1, "CPUs": 1}, "1654076755.000396": {"GPUs": 1, "CPUs": 1}, "1654076760.500358": {"GPUs": 1, "CPUs": 1}, "1654076761.000345": {"GPUs": 1, "CPUs": 1}, "1654076761.50036": {"GPUs": 1, "CPUs": 2}, "1654076762.00036": {"GPUs": 1, "CPUs": 3}, "1654076762.50035": {"GPUs": 1, "CPUs": 3}, "1654076763.000324": {"GPUs": 1, "CPUs": 3}, "1654076763.500358": {"GPUs": 1, "CPUs": 3}, "1654076764.000363": {"GPUs": 1, "CPUs": 3}, "1654076764.500346": {"GPUs": 1, "CPUs": 2}, "1654076765.000368": {"GPUs": 1, "CPUs": 3}, "1654076765.500327": {"GPUs": 1, "CPUs": 2}, "1654076766.000414": {"GPUs": 1, "CPUs": 3}, "1654076766.500378": {"GPUs": 1, "CPUs": 5}, "1654076767.000358": {"GPUs": 1, "CPUs": 5}, "1654076776.000356": {"GPUs": 1, "CPUs": 1}, "1654076781.000334": {"GPUs": 1, "CPUs": 1}, "1654076782.000416": {"GPUs": 1, "CPUs": 1}, "1654076782.500334": {"GPUs": 1, "CPUs": 1}, "1654076783.000333": {"GPUs": 1, "CPUs": 1}, "1654076783.500335": {"GPUs": 1, "CPUs": 1}, "1654076784.000417": {"GPUs": 1, "CPUs": 2}, "1654076784.500329": {"GPUs": 1, "CPUs": 2}, "1654076785.000373": {"GPUs": 1, "CPUs": 1}, "1654076785.500412": {"GPUs": 1, "CPUs": 1}, "1654076786.000348": {"GPUs": 1, "CPUs": 1}, "1654076786.500383": {"GPUs": 1, "CPUs": 1}, "1654076787.000374": {"GPUs": 1, "CPUs": 1}, "1654076796.000332": {"GPUs": 1, "CPUs": 1}, "1654076796.500367": {"GPUs": 1, "CPUs": 1}, "1654076798.000328": {"GPUs": 1, "CPUs": 1}, "1654076799.000329": {"GPUs": 1, "CPUs": 1}, "1654076799.50033": {"GPUs": 1, "CPUs": 1}, "1654076801.000365": {"GPUs": 1, "CPUs": 1}, "1654076801.500351": {"GPUs": 1, "CPUs": 1}, "1654076802.00033": {"GPUs": 1, "CPUs": 1}, "1654076803.000352": {"GPUs": 1, "CPUs": 1}, "1654076805.000396": {"GPUs": 1, "CPUs": 1}, "1654076805.500371": {"GPUs": 1, "CPUs": 1}, "1654076806.000473": {"GPUs": 1, "CPUs": 1}, "1654076806.500425": {"GPUs": 1, "CPUs": 1}, "1654076807.500347": {"GPUs": 1, "CPUs": 1}, "1654076808.000361": {"GPUs": 1, "CPUs": 1}, "1654076808.500395": {"GPUs": 1, "CPUs": 1}, "1654076809.000363": {"GPUs": 1, "CPUs": 1}, "1654076809.50039": {"GPUs": 1, "CPUs": 1}, "1654076810.00045": {"GPUs": 1, "CPUs": 1}, "1654076811.000361": {"GPUs": 1, "CPUs": 1}, "1654076812.000347": {"GPUs": 1, "CPUs": 1}, "1654076813.500454": {"GPUs": 1, "CPUs": 1}, "1654076814.500396": {"GPUs": 1, "CPUs": 1}, "1654076815.000376": {"GPUs": 1, "CPUs": 1}, "1654076816.0004": {"GPUs": 1, "CPUs": 1}, "1654076817.000355": {"GPUs": 1, "CPUs": 1}, "1654076817.500344": {"GPUs": 1, "CPUs": 1}, "1654076818.500372": {"GPUs": 1, "CPUs": 1}, "1654076819.500354": {"GPUs": 1, "CPUs": 1}, "1654076820.000382": {"GPUs": 1, "CPUs": 1}, "1654076821.000359": {"GPUs": 1, "CPUs": 1}, "1654076822.000394": {"GPUs": 1, "CPUs": 1}, "1654076823.00035": {"GPUs": 1, "CPUs": 1}, "1654076823.500331": {"GPUs": 1, "CPUs": 1}, "1654076826.000386": {"GPUs": 1, "CPUs": 1}, "1654076827.500405": {"GPUs": 1, "CPUs": 1}, "1654076828.000455": {"GPUs": 1, "CPUs": 1}, "1654076830.500461": {"GPUs": 1, "CPUs": 1}, "1654076831.000394": {"GPUs": 1, "CPUs": 2}, "1654076832.500326": {"GPUs": 1, "CPUs": 1}, "1654076833.000336": {"GPUs": 1, "CPUs": 1}, "1654076834.000329": {"GPUs": 1, "CPUs": 1}, "1654076835.000355": {"GPUs": 1, "CPUs": 1}, "1654076835.500331": {"GPUs": 1, "CPUs": 1}, "1654076836.500366": {"GPUs": 1, "CPUs": 1}, "1654076837.00033": {"GPUs": 1, "CPUs": 1}, "1654076837.500328": {"GPUs": 1, "CPUs": 1}, "1654076838.000369": {"GPUs": 1, "CPUs": 2}, "1654076838.500382": {"GPUs": 1, "CPUs": 1}, "1654076839.000352": {"GPUs": 1, "CPUs": 1}, "1654076839.50045": {"GPUs": 1, "CPUs": 1}, "1654076841.00036": {"GPUs": 1, "CPUs": 1}, "1654076841.500333": {"GPUs": 1, "CPUs": 1}, "1654076842.000356": {"GPUs": 1, "CPUs": 1}, "1654076843.00039": {"GPUs": 1, "CPUs": 1}, "1654076844.000346": {"GPUs": 1, "CPUs": 1}, "1654076845.000408": {"GPUs": 1, "CPUs": 1}, "1654076846.000383": {"GPUs": 1, "CPUs": 1}, "1654076846.500355": {"GPUs": 1, "CPUs": 1}, "1654076847.000373": {"GPUs": 1, "CPUs": 1}, "1654076848.500362": {"GPUs": 1, "CPUs": 1}, "1654076849.000323": {"GPUs": 1, "CPUs": 1}, "1654076849.500344": {"GPUs": 1, "CPUs": 1}, "1654076850.00049": {"GPUs": 1, "CPUs": 1}, "1654076850.500393": {"GPUs": 1, "CPUs": 1}, "1654076851.000434": {"GPUs": 1, "CPUs": 1}, "1654076851.500387": {"GPUs": 1, "CPUs": 1}, "1654076852.500393": {"GPUs": 1, "CPUs": 1}, "1654076853.00045": {"GPUs": 1, "CPUs": 1}, "1654076853.500327": {"GPUs": 1, "CPUs": 1}, "1654076854.500463": {"GPUs": 1, "CPUs": 1}, "1654076855.000368": {"GPUs": 1, "CPUs": 1}, "1654076855.500361": {"GPUs": 1, "CPUs": 1}, "1654076856.000461": {"GPUs": 1, "CPUs": 1}, "1654076857.000366": {"GPUs": 1, "CPUs": 1}, "1654076857.500326": {"GPUs": 1, "CPUs": 1}, "1654076858.000366": {"GPUs": 1, "CPUs": 1}, "1654076858.500342": {"GPUs": 1, "CPUs": 1}, "1654076859.000371": {"GPUs": 1, "CPUs": 1}, "1654076860.500353": {"GPUs": 1, "CPUs": 1}, "1654076861.000467": {"GPUs": 1, "CPUs": 1}, "1654076861.500362": {"GPUs": 1, "CPUs": 1},